skill_match_percentage,semantic_similarity_percentage,relevant_experience_years,interview_score,assessment_score,required_skills_matched,total_required_skills,skill_gap_percentage,success
43.7,31.9,4.9,67.5,46.6,2,5,56.3,0
95.6,100.0,6.9,26.6,80.7,3,3,4.4,1
75.9,100.0,1.3,78.8,72.7,4,5,24.1,0
63.9,84.1,0.4,68.9,63.9,5,8,36.1,0
24.0,47.9,2.8,74.1,38.1,2,9,76.0,0
24.0,16.4,2.7,100.0,26.3,2,9,76.0,0
15.2,0.4,6.1,27.5,18.4,0,3,84.8,0
88.0,86.1,2.0,96.0,71.1,4,4,12.0,1
64.1,64.9,2.9,59.8,62.8,3,5,35.9,0
73.7,90.1,4.1,70.2,57.0,2,3,26.3,1
11.9,0.0,4.8,64.2,32.8,1,9,88.1,0
97.3,100.0,5.6,57.4,87.9,4,4,2.7,1
84.9,82.5,3.8,54.7,56.8,4,5,15.1,0
29.1,22.7,1.0,70.9,24.1,2,6,70.9,0
26.4,11.2,4.5,37.7,29.4,1,5,73.6,0
26.5,1.7,1.9,78.5,34.0,2,7,73.5,0
37.4,49.7,7.7,57.5,32.2,2,5,62.6,0
57.2,58.3,3.4,44.7,62.9,4,7,42.8,0
48.9,29.5,4.0,56.9,48.6,2,4,51.1,0
36.2,16.8,15.0,87.6,37.1,2,5,63.8,0
65.1,60.0,5.7,55.4,39.7,3,4,34.9,0
22.6,47.6,4.4,71.5,15.4,1,4,77.4,0
36.3,32.4,3.0,51.8,39.6,3,9,63.7,0
43.0,20.4,1.1,78.6,19.5,1,3,57.0,0
51.0,47.4,2.8,77.3,55.8,2,4,49.0,0
80.7,76.6,1.6,98.3,61.8,3,4,19.3,1
28.0,0.0,9.8,61.8,64.2,3,9,72.0,0
56.3,55.5,4.5,77.0,71.8,5,9,43.7,0
63.3,59.9,7.5,66.8,51.2,3,5,36.7,0
14.2,24.6,2.0,88.3,22.4,1,9,85.8,0
64.7,92.4,1.7,52.1,63.8,3,5,35.3,0
25.3,42.2,5.3,78.4,47.2,2,6,74.7,0
15.9,11.8,1.5,61.5,8.1,1,9,84.1,0
95.4,78.8,2.3,63.8,54.4,3,3,4.6,1
96.9,100.0,10.1,66.7,66.9,4,4,3.1,1
82.8,83.6,2.4,69.5,70.5,2,3,17.2,0
37.4,37.6,0.8,62.9,42.4,3,7,62.6,0
18.8,18.4,0.5,68.9,37.0,2,9,81.2,0
71.6,74.6,0.7,93.4,46.0,3,4,28.4,0
49.6,47.4,7.8,82.7,21.6,1,3,50.4,0
21.0,12.4,2.1,80.6,36.2,2,9,79.0,0
54.6,46.4,15.0,56.8,39.5,5,9,45.4,0
13.1,12.6,9.1,49.0,2.7,1,6,86.9,0
91.8,83.7,11.7,82.2,71.6,6,6,8.2,1
33.3,22.6,6.7,80.8,42.9,1,4,66.7,0
69.6,71.2,5.1,91.5,55.6,5,7,30.4,1
38.1,34.2,1.6,54.1,33.3,2,6,61.9,0
56.8,79.4,3.3,60.9,47.5,3,6,43.2,0
59.2,19.4,5.5,35.5,46.8,4,7,40.8,0
26.6,43.0,6.5,57.9,17.5,1,3,73.4,0
97.3,100.0,1.2,82.9,66.2,6,6,2.7,1
79.8,48.7,2.9,56.6,68.1,4,5,20.2,0
94.6,89.4,3.1,76.5,74.9,8,8,5.4,1
90.5,85.0,3.0,61.6,71.0,7,8,9.5,1
63.8,42.7,1.3,70.8,43.3,4,6,36.2,0
93.0,81.3,10.8,44.3,69.0,3,3,7.0,1
18.0,1.3,2.8,66.5,4.0,2,9,82.0,0
27.6,53.9,1.4,11.2,33.4,1,3,72.4,0
14.1,28.1,11.0,61.6,37.7,1,4,85.9,0
39.3,58.4,9.1,35.7,23.8,2,5,60.7,0
45.0,55.8,3.7,86.7,36.1,1,3,55.0,0
34.4,17.5,2.3,79.0,38.9,2,7,65.6,0
84.6,76.7,0.7,73.4,78.3,4,5,15.4,1
42.1,49.4,4.8,92.4,35.8,3,8,57.9,0
35.3,17.0,2.1,47.9,29.2,2,5,64.7,0
58.8,69.5,3.3,96.5,30.6,4,7,41.2,0
22.7,19.1,10.3,81.8,29.6,1,6,77.3,0
82.2,76.6,2.0,60.7,84.7,6,7,17.8,0
16.7,27.4,4.7,85.4,27.8,1,7,83.3,0
98.8,100.0,5.7,45.1,74.1,6,6,1.2,0
79.5,74.1,7.6,50.2,65.9,5,6,20.5,1
27.9,45.3,3.1,54.0,31.6,2,6,72.1,0
10.5,0.0,2.8,55.5,13.2,1,6,89.5,0
83.4,92.6,2.8,46.0,73.3,5,6,16.6,0
73.6,82.5,4.4,87.0,61.4,5,7,26.4,1
75.6,71.0,8.9,60.3,60.5,3,4,24.4,1
79.4,84.3,2.7,71.3,52.9,3,4,20.6,0
16.7,0.0,0.2,54.7,38.0,0,3,83.3,0
42.3,56.1,6.2,32.2,47.0,2,4,57.7,0
20.4,17.7,3.5,69.9,21.7,2,8,79.6,0
87.7,79.8,4.9,30.6,77.6,4,4,12.3,0
66.1,81.8,0.7,63.8,49.7,5,7,33.9,0
39.8,29.2,2.1,40.4,31.0,2,6,60.2,0
15.7,0.0,5.8,100.0,16.8,1,6,84.3,0
38.0,14.6,1.0,81.4,20.1,3,9,62.0,0
39.3,48.4,4.7,66.9,43.3,4,9,60.7,0
75.7,56.5,3.2,87.7,42.1,7,9,24.3,0
67.4,93.7,1.8,49.8,43.1,5,7,32.6,0
89.8,58.6,1.6,74.8,48.2,7,8,10.2,1
52.5,77.9,1.3,68.6,45.6,2,4,47.5,0
20.8,23.9,3.5,69.8,26.0,1,7,79.2,0
74.2,72.7,3.8,87.9,56.2,2,3,25.8,0
78.5,70.3,2.5,78.2,51.7,5,6,21.5,0
60.5,66.5,1.3,70.2,39.6,5,9,39.5,0
79.4,78.8,4.6,35.2,67.3,4,5,20.6,1
54.4,71.0,6.3,47.7,42.2,2,3,45.6,0
57.0,58.8,5.2,62.8,52.4,5,9,43.0,0
48.5,50.7,12.0,66.7,35.2,4,8,51.5,0
12.3,6.8,2.9,44.7,24.2,0,3,87.7,0
19.7,18.9,8.3,100.0,39.9,1,7,80.3,0
12.8,17.4,1.9,92.3,28.6,1,4,87.2,0
67.3,41.6,1.7,75.8,51.2,4,6,32.7,0
38.3,18.1,3.7,66.3,40.5,3,8,61.7,0
55.8,66.9,9.5,61.2,46.1,4,8,44.2,0
91.7,94.2,2.6,47.9,70.1,5,5,8.3,1
32.4,29.7,0.7,66.4,31.2,1,3,67.6,0
46.9,47.2,6.2,69.6,41.5,2,5,53.1,0
78.0,83.2,3.1,42.6,63.9,3,4,22.0,0
30.6,22.5,4.2,71.0,23.4,3,9,69.4,0
16.9,5.3,1.7,62.2,15.0,1,4,83.1,0
36.1,39.0,3.6,30.7,22.8,3,9,63.9,0
24.5,9.8,0.8,49.5,13.7,1,5,75.5,0
93.7,99.8,10.9,57.6,59.0,6,6,6.3,1
82.7,57.2,7.0,99.0,66.2,3,4,17.3,1
67.0,82.4,3.5,75.0,46.3,3,5,33.0,1
88.4,95.5,6.1,41.0,73.2,3,3,11.6,1
82.3,86.2,1.9,73.7,64.7,4,5,17.7,0
26.8,41.5,6.8,37.1,11.4,1,5,73.2,0
90.3,100.0,2.5,84.5,75.7,6,7,9.7,1
58.5,73.8,2.4,56.5,58.2,2,4,41.5,0
82.7,55.1,1.4,63.3,54.7,5,6,17.3,0
90.6,71.5,4.6,88.9,73.6,5,6,9.4,1
38.6,29.2,3.4,41.8,29.6,3,7,61.4,0
19.9,20.3,8.5,39.9,27.9,2,9,80.1,0
30.5,38.3,1.3,54.5,20.7,2,8,69.5,0
48.4,37.6,4.6,83.7,26.1,4,9,51.6,0
83.6,86.4,7.4,37.7,61.3,5,6,16.4,0
87.5,76.1,3.9,14.0,66.2,4,5,12.5,0
10.6,1.5,2.5,56.9,17.4,1,7,89.4,0
56.0,34.9,3.8,74.9,36.7,2,3,44.0,0
47.6,33.7,8.0,86.6,39.5,2,4,52.4,0
30.0,9.7,8.0,56.7,35.7,1,4,70.0,0
20.8,6.1,3.0,57.6,27.0,1,4,79.2,0
40.4,56.2,7.9,85.8,41.1,2,5,59.6,0
94.9,80.6,3.3,31.3,65.2,3,3,5.1,0
39.1,78.6,6.0,58.0,50.2,3,7,60.9,0
56.7,64.1,5.0,68.4,37.3,4,7,43.3,0
73.3,76.0,2.4,73.1,63.8,3,4,26.7,0
42.7,29.9,1.5,55.8,52.5,1,3,57.3,0
97.5,100.0,7.6,65.6,78.3,3,3,2.5,1
96.6,88.0,9.0,20.2,70.9,3,3,3.4,1
32.7,34.5,4.5,53.2,29.3,2,6,67.3,0
54.8,93.2,3.3,73.2,58.2,3,6,45.2,0
37.1,35.6,1.1,47.3,23.0,1,4,62.9,0
35.6,52.9,7.4,66.1,26.7,1,3,64.4,0
13.3,2.8,4.1,73.0,19.0,1,8,86.7,0
64.9,64.3,2.7,58.8,66.3,2,3,35.1,0
55.2,81.8,6.1,68.1,51.9,4,7,44.8,0
14.6,5.2,0.9,47.7,14.1,1,7,85.4,0
35.1,62.3,1.4,61.3,32.9,1,4,64.9,0
91.7,100.0,1.9,76.0,63.9,7,8,8.3,1
31.6,23.1,4.8,67.8,26.8,1,3,68.4,0
23.0,32.5,3.8,54.4,38.6,2,9,77.0,0
54.1,68.6,5.3,69.0,33.7,4,8,45.9,0
98.7,100.0,7.1,77.9,90.3,4,4,1.3,1
31.8,8.2,5.4,28.1,42.4,2,7,68.2,0
70.5,59.6,11.0,85.9,68.2,6,9,29.5,1
78.5,74.8,7.1,58.9,57.5,5,7,21.5,0
31.4,30.3,3.0,72.7,32.3,2,6,68.6,0
75.5,84.8,2.1,86.6,46.0,3,4,24.5,0
43.1,45.8,3.1,40.3,35.6,2,4,56.9,0
66.9,46.9,5.5,52.2,60.1,2,3,33.1,0
67.0,72.7,2.3,59.8,68.2,2,3,33.0,0
58.2,67.4,5.6,50.9,38.9,3,6,41.8,0
18.1,26.5,5.2,96.2,22.2,2,9,81.9,0
85.2,100.0,1.5,49.6,64.6,4,5,14.8,0
38.9,51.4,7.0,55.0,24.4,3,8,61.1,0
26.8,33.7,4.4,68.7,37.0,1,5,73.2,0
13.7,12.6,10.7,43.4,16.0,1,5,86.3,0
63.2,38.3,3.3,57.9,51.0,3,4,36.8,0
71.0,77.4,2.6,70.7,53.1,6,8,29.0,0
11.5,14.6,1.3,59.0,14.0,0,4,88.5,0
56.1,60.2,1.3,63.3,48.6,4,8,43.9,0
30.4,11.2,6.4,55.5,31.1,2,7,69.6,0
68.1,51.8,10.0,37.7,52.1,3,4,31.9,0
25.7,41.5,3.1,70.8,23.1,1,4,74.3,0
72.2,71.6,2.9,96.6,61.5,3,4,27.8,1
44.8,55.0,3.5,65.3,58.4,4,9,55.2,0
94.3,94.7,7.3,69.1,73.0,6,6,5.7,1
22.4,22.8,1.5,77.5,38.4,1,4,77.6,0
40.7,54.8,4.0,42.2,25.5,1,3,59.3,0
20.2,12.5,6.5,95.6,28.7,1,3,79.8,0
93.2,94.7,4.8,68.6,60.0,7,8,6.8,1
89.0,82.0,0.1,94.4,53.6,6,7,11.0,1
33.2,26.7,5.4,51.8,27.5,2,6,66.8,0
69.4,64.8,4.8,97.7,68.6,6,9,30.6,1
83.5,86.9,8.3,79.0,74.6,7,8,16.5,1
60.0,52.8,9.5,75.0,53.4,2,3,40.0,0
57.7,76.5,8.0,69.2,34.3,3,6,42.3,0
31.8,18.3,3.5,60.5,32.1,2,6,68.2,0
18.4,15.6,0.7,86.6,29.0,1,7,81.6,0
90.7,84.2,2.9,67.5,71.2,5,6,9.3,1
91.0,100.0,3.4,29.6,51.2,4,4,9.0,1
67.0,69.9,9.9,44.9,46.3,4,6,33.0,0
40.5,56.0,1.8,61.7,38.7,3,7,59.5,0
41.4,19.1,1.0,70.6,45.2,3,8,58.6,0
75.3,79.3,2.3,64.0,38.2,5,7,24.7,0
90.7,100.0,1.8,86.9,67.8,8,9,9.3,1
89.8,91.1,0.9,29.9,70.3,6,7,10.2,1
80.2,96.2,3.1,67.6,71.6,2,3,19.8,1
67.8,60.0,3.6,32.3,62.6,3,4,32.2,0
17.6,38.7,0.8,78.7,31.4,1,3,82.4,0
24.5,59.0,2.6,63.3,21.7,2,8,75.5,0
90.9,85.4,1.7,72.6,50.4,5,5,9.1,1
64.6,57.9,3.6,49.5,49.8,5,8,35.4,0
10.8,32.6,3.9,88.0,31.5,0,4,89.2,0
19.1,42.8,1.7,83.8,40.4,1,6,80.9,0
69.7,61.9,7.0,75.5,63.9,5,7,30.3,0
10.5,4.2,3.4,62.7,25.6,1,5,89.5,0
24.5,20.2,1.8,75.4,33.5,1,4,75.5,0
59.4,39.2,0.8,52.3,45.1,2,3,40.6,0
72.3,58.5,4.1,80.4,57.1,5,7,27.7,0
68.7,53.6,4.8,94.7,72.9,5,8,31.3,1
30.2,18.7,2.2,84.3,23.7,1,3,69.8,0
74.1,73.6,3.7,51.9,75.6,3,4,25.9,0
31.4,34.9,9.5,71.5,30.6,1,4,68.6,0
39.3,62.5,6.2,41.7,51.8,3,8,60.7,0
77.2,62.2,0.3,75.3,47.2,4,5,22.8,0
68.5,83.2,1.8,73.1,61.9,5,8,31.5,0
86.4,83.2,3.0,31.3,59.5,5,6,13.6,0
69.2,68.4,3.5,44.1,42.4,2,3,30.8,0
61.1,71.3,3.8,59.9,53.9,3,5,38.9,0
18.4,1.6,4.6,59.6,36.2,1,7,81.6,0
43.1,48.8,3.1,43.2,32.4,4,9,56.9,0
33.9,36.4,3.4,72.0,20.3,2,6,66.1,0
32.0,39.3,6.4,69.5,33.3,2,5,68.0,0
97.6,100.0,4.1,61.5,72.7,9,9,2.4,1
45.4,82.2,1.2,51.4,47.7,4,9,54.6,0
90.3,80.7,3.6,83.9,78.7,3,3,9.7,1
66.8,58.8,3.0,94.8,54.5,3,4,33.2,0
81.5,72.2,0.5,56.3,82.5,6,7,18.5,1
55.2,46.9,3.8,54.0,50.4,4,8,44.8,0
61.9,52.4,1.3,73.8,48.7,2,3,38.1,0
54.3,72.2,6.5,58.6,31.5,3,6,45.7,0
27.6,48.9,4.6,62.5,28.9,2,9,72.4,0
75.0,66.5,1.1,78.3,56.6,5,6,25.0,0
35.3,22.8,6.3,30.6,45.8,3,9,64.7,0
12.2,19.3,8.4,88.7,26.9,0,4,87.8,0
68.1,59.8,2.7,66.3,44.1,3,4,31.9,0
25.9,35.4,3.0,57.6,32.3,2,7,74.1,0
94.6,97.7,5.9,63.4,78.5,8,8,5.4,1
95.9,73.1,8.0,64.3,87.8,7,7,4.1,1
92.3,100.0,0.6,33.8,79.3,4,4,7.7,1
43.3,70.3,1.2,91.9,48.6,2,4,56.7,0
11.4,2.2,2.4,65.7,22.4,1,6,88.6,0
93.5,87.7,2.6,73.0,75.0,4,4,6.5,1
48.5,52.8,5.8,82.1,56.6,2,5,51.5,0
97.0,100.0,8.0,46.6,59.9,9,9,3.0,1
96.7,100.0,8.4,73.5,69.5,3,3,3.3,1
86.8,100.0,0.6,60.2,59.3,3,4,13.2,1
36.5,33.8,1.7,80.2,40.7,3,7,63.5,0
44.7,32.7,2.0,26.7,54.1,4,8,55.3,0
86.6,65.9,1.6,63.2,61.0,8,9,13.4,0
38.5,27.6,4.6,54.1,14.2,3,9,61.5,0
25.3,24.8,5.0,72.8,26.0,2,8,74.7,0
60.1,87.0,3.3,73.5,60.2,5,8,39.9,0
94.3,86.5,3.1,52.3,76.9,8,9,5.7,0
72.6,76.0,2.5,52.2,62.9,4,5,27.4,0
61.3,61.1,2.7,63.0,49.0,4,7,38.7,0
18.7,36.6,9.4,48.9,13.5,1,5,81.3,0
65.4,100.0,5.5,80.2,59.4,3,4,34.6,1
99.1,91.1,2.5,58.4,66.1,3,3,0.9,1
22.6,15.3,3.1,12.7,50.4,2,8,77.4,0
56.6,72.3,4.6,58.3,54.7,4,7,43.4,0
89.0,99.2,1.1,46.3,62.6,7,8,11.0,1
76.7,100.0,3.7,35.6,54.9,4,5,23.3,1
72.7,81.5,5.3,42.7,57.7,4,6,27.3,0
73.2,67.8,4.8,67.0,56.5,3,4,26.8,0
42.4,51.2,1.7,88.9,51.6,1,3,57.6,0
36.4,53.1,2.0,70.6,38.7,1,4,63.6,0
82.8,95.1,0.4,54.1,57.4,5,6,17.2,0
82.9,90.5,5.7,73.2,83.7,2,3,17.1,1
88.0,100.0,12.1,56.7,68.3,5,6,12.0,1
92.2,100.0,1.5,52.5,78.0,4,4,7.8,1
56.0,76.8,7.1,44.2,42.5,3,5,44.0,0
55.1,64.9,11.4,33.5,51.7,5,9,44.9,0
81.8,79.3,2.3,58.0,67.2,3,4,18.2,0
68.5,70.7,3.1,67.8,37.2,3,4,31.5,0
73.2,91.3,4.0,63.3,79.1,3,4,26.8,1
81.6,69.4,4.7,57.5,76.9,6,7,18.4,0
90.1,95.6,4.2,48.0,65.1,5,6,9.9,0
40.4,34.5,2.4,75.9,28.2,2,6,59.6,0
43.8,44.2,5.2,41.3,44.8,4,8,56.2,0
18.5,37.6,2.5,79.0,26.9,1,6,81.5,0
62.0,64.9,4.4,47.0,55.8,5,8,38.0,0
13.2,13.9,3.3,51.5,24.9,1,7,86.8,0
51.9,31.5,0.5,38.6,51.2,3,5,48.1,0
58.8,70.0,7.8,56.0,64.8,5,8,41.2,0
35.8,45.5,2.0,82.6,42.2,1,4,64.2,0
63.2,95.6,8.3,74.3,42.4,3,5,36.8,0
12.7,8.1,6.9,82.6,36.3,1,9,87.3,0
13.4,16.6,3.9,74.4,39.4,1,7,86.6,0
84.0,87.8,4.9,45.1,96.9,5,6,16.0,0
42.4,66.1,5.3,59.0,29.2,3,8,57.6,0
21.4,20.0,2.8,51.0,30.3,1,4,78.6,0
57.0,61.2,3.0,89.0,28.4,2,3,43.0,0
79.3,88.4,5.1,43.5,68.1,7,9,20.7,0
29.4,32.2,3.3,81.1,27.2,1,3,70.6,0
66.1,59.4,2.4,81.1,73.9,3,5,33.9,0
17.7,20.6,1.7,97.9,17.9,1,6,82.3,0
14.7,30.8,4.5,57.6,6.9,0,3,85.3,0
57.8,42.4,2.0,77.8,45.0,3,5,42.2,0
58.7,60.7,6.1,100.0,30.4,4,7,41.3,1
67.4,56.9,6.4,53.9,62.9,3,5,32.6,0
75.3,93.3,4.8,37.4,39.6,7,9,24.7,0
97.8,75.0,5.6,31.2,74.0,5,5,2.2,1
56.5,48.1,4.9,77.8,28.1,5,9,43.5,0
39.1,44.7,5.9,31.1,35.2,2,5,60.9,0
81.6,100.0,5.7,58.3,80.4,3,4,18.4,1
34.4,33.4,4.3,72.9,39.2,2,5,65.6,0
49.5,41.2,6.9,68.3,36.1,4,8,50.5,0
17.1,45.3,2.9,72.7,24.9,1,5,82.9,0
12.3,0.0,1.8,69.0,22.5,0,4,87.7,0
96.6,63.7,1.7,88.0,77.7,4,4,3.4,1
85.2,91.8,2.6,47.9,52.5,6,7,14.8,0
72.6,65.1,0.4,52.8,64.5,7,9,27.4,0
46.8,31.5,3.9,51.1,16.0,3,6,53.2,0
25.6,36.2,5.3,79.9,24.1,1,3,74.4,0
24.1,27.7,6.4,81.2,24.6,1,3,75.9,0
32.5,24.1,0.7,73.1,40.8,2,5,67.5,0
59.4,40.2,1.7,86.3,50.9,4,7,40.6,0
74.3,87.4,6.0,43.8,45.5,4,5,25.7,1
69.4,79.2,2.9,95.0,46.8,2,3,30.6,0
35.2,33.7,5.3,92.4,38.1,3,9,64.8,0
95.9,100.0,1.0,78.2,71.8,9,9,4.1,1
76.4,60.4,8.2,97.1,55.1,7,9,23.6,0
59.9,37.0,1.0,35.2,46.1,2,4,40.1,0
65.1,54.7,3.8,55.6,61.0,4,6,34.9,0
47.8,47.1,3.9,51.8,38.5,3,7,52.2,0
32.3,35.9,2.2,78.0,33.5,1,4,67.7,0
42.0,38.4,4.7,46.1,61.9,3,6,58.0,0
78.2,83.5,4.8,78.6,47.7,5,7,21.8,0
11.3,0.0,4.5,89.7,3.3,1,7,88.7,0
20.4,42.1,2.2,77.5,35.1,1,3,79.6,0
14.1,12.9,1.8,70.1,16.7,1,4,85.9,0
13.7,30.4,2.4,47.2,20.0,1,7,86.3,0
87.0,92.1,1.6,49.8,59.4,7,8,13.0,1
73.3,80.2,7.1,87.5,56.4,7,9,26.7,1
52.7,61.2,2.6,79.0,62.6,4,7,47.3,0
18.8,25.5,3.8,64.3,34.3,1,6,81.2,0
54.2,63.9,5.9,57.5,56.2,2,3,45.8,0
52.6,72.5,1.6,28.5,32.4,3,5,47.4,0
25.6,28.5,0.9,45.7,18.8,2,9,74.4,0
49.0,59.7,1.6,99.4,16.0,1,3,51.0,0
45.9,44.5,4.1,42.0,34.4,2,5,54.1,0
65.4,87.0,3.9,68.4,63.8,3,4,34.6,0
67.2,57.0,4.4,83.1,60.5,3,4,32.8,0
14.1,41.1,3.1,42.4,21.2,1,7,85.9,0
43.7,43.1,0.2,68.3,41.0,3,8,56.3,0
66.3,44.9,3.0,81.9,47.9,3,4,33.7,0
55.3,57.2,6.5,65.2,50.2,4,7,44.7,0
87.1,76.9,7.7,100.0,74.9,8,9,12.9,1
69.3,81.9,3.6,35.0,40.4,2,3,30.7,0
24.7,14.9,3.9,84.1,32.8,1,4,75.3,0
16.4,9.7,5.2,61.9,34.1,0,3,83.6,0
67.8,39.5,7.5,78.9,51.5,2,3,32.2,0
12.4,5.6,3.3,72.9,29.4,1,8,87.6,0
62.7,26.4,5.1,51.8,80.8,3,4,37.3,0
94.6,70.9,2.1,69.1,70.7,3,3,5.4,0
61.8,73.2,1.1,31.6,56.0,5,8,38.2,0
44.9,56.7,2.3,75.9,34.6,4,8,55.1,0
67.9,74.3,8.7,70.4,57.6,3,4,32.1,1
51.2,36.7,5.2,76.5,50.3,4,8,48.8,0
59.1,58.4,1.2,84.0,52.4,2,4,40.9,0
94.7,94.7,5.4,71.6,61.6,4,4,5.3,1
44.7,27.4,1.3,67.7,43.9,2,5,55.3,0
96.5,100.0,4.4,49.1,87.5,3,3,3.5,1
91.5,100.0,1.5,52.2,74.4,5,6,8.5,1
27.6,24.3,1.1,86.4,41.2,1,4,72.4,0
16.2,16.6,9.6,90.9,22.4,0,3,83.8,0
19.1,22.2,2.6,60.7,33.9,2,9,80.9,0
11.6,0.0,5.1,65.8,24.8,1,8,88.4,0
18.5,14.8,3.4,48.7,16.6,1,7,81.5,0
71.5,61.2,1.4,86.1,61.1,3,4,28.5,0
16.4,1.4,2.8,77.0,14.9,1,8,83.6,0
38.7,34.5,1.4,99.9,31.9,3,8,61.3,0
86.0,100.0,14.2,49.2,68.5,7,8,14.0,0
12.1,21.7,5.8,58.2,25.2,1,8,87.9,0
83.3,74.7,3.4,69.2,53.1,7,8,16.7,0
35.4,44.0,5.0,76.6,46.8,1,4,64.6,0
20.6,41.6,5.5,61.1,33.1,2,9,79.4,0
72.7,86.6,5.6,49.3,51.6,4,6,27.3,0
66.6,67.5,5.4,80.9,39.6,3,5,33.4,0
89.0,79.3,5.1,78.0,66.9,7,8,11.0,1
76.2,86.6,3.6,48.5,56.2,6,8,23.8,1
82.3,88.2,9.1,89.4,65.5,4,5,17.7,1
35.4,48.8,3.8,86.1,32.6,3,9,64.6,0
26.0,35.5,3.5,67.4,10.5,2,9,74.0,0
77.6,93.3,3.8,66.4,57.6,3,4,22.4,0
82.6,74.6,4.0,75.0,61.5,2,3,17.4,0
99.1,100.0,0.7,49.5,80.8,7,7,0.9,1
47.1,50.1,1.6,65.5,36.3,3,7,52.9,0
43.5,74.6,3.1,26.3,57.9,1,3,56.5,0
79.9,69.5,0.6,80.8,43.8,3,4,20.1,0
40.7,66.7,3.4,36.9,52.5,3,7,59.3,0
93.8,96.7,4.0,92.1,69.0,8,9,6.2,1
87.3,77.5,1.0,59.1,76.0,4,5,12.7,0
48.6,41.4,2.0,61.2,45.0,1,3,51.4,0
77.6,72.8,7.9,53.7,72.9,7,9,22.4,1
77.9,84.3,5.0,59.8,57.9,5,6,22.1,1
19.3,27.1,4.8,90.5,15.6,1,4,80.7,0
91.2,82.6,7.2,20.2,83.9,3,3,8.8,0
55.5,55.1,1.6,88.0,47.1,4,7,44.5,0
84.4,100.0,1.0,71.1,67.8,3,4,15.6,1
38.8,64.7,6.6,43.3,50.6,2,5,61.2,0
90.6,97.1,3.1,45.6,59.0,4,4,9.4,0
45.0,45.6,1.6,95.2,48.0,2,4,55.0,0
11.0,12.8,0.7,48.0,15.7,1,5,89.0,0
91.5,100.0,3.8,44.2,68.6,7,8,8.5,0
18.2,2.9,2.9,85.5,26.7,1,5,81.8,0
38.7,34.9,2.5,71.1,23.2,3,9,61.3,0
95.5,70.5,0.3,48.1,64.5,4,4,4.5,0
95.6,100.0,9.1,68.9,85.8,5,5,4.4,1
61.6,71.3,0.8,46.5,60.8,5,8,38.4,0
66.9,59.6,2.7,84.8,54.5,6,9,33.1,0
50.4,74.0,2.3,84.1,47.6,2,3,49.6,0
36.4,18.0,5.1,74.6,33.9,2,5,63.6,0
39.6,17.6,0.7,71.5,52.3,2,5,60.4,0
70.5,73.9,4.7,96.7,55.3,3,4,29.5,0
77.7,93.4,3.8,65.0,63.9,7,9,22.3,0
81.2,100.0,1.9,43.7,75.2,2,3,18.8,1
81.1,74.2,4.6,73.1,55.9,5,6,18.9,1
18.2,34.4,3.4,100.0,41.5,1,6,81.8,0
54.5,53.9,10.5,46.7,32.4,4,7,45.5,0
15.2,12.6,2.9,58.5,40.4,1,5,84.8,0
59.5,72.7,1.4,72.5,46.9,3,5,40.5,0
49.7,59.5,4.7,64.0,42.4,1,3,50.3,0
89.9,66.2,2.6,47.3,50.0,7,8,10.1,0
41.6,63.7,3.3,85.2,35.4,2,6,58.4,0
20.5,41.2,1.0,100.0,16.9,1,7,79.5,0
22.9,13.5,5.2,68.5,22.6,1,3,77.1,0
78.5,84.5,2.3,48.7,60.7,4,5,21.5,0
65.6,73.1,4.1,37.1,64.0,4,6,34.4,0
19.1,23.0,12.2,69.6,28.5,2,9,80.9,0
17.6,9.3,2.7,84.9,28.6,1,7,82.4,0
73.1,63.0,5.6,73.6,47.9,3,4,26.9,0
16.5,16.2,2.9,65.0,16.1,1,6,83.5,0
84.0,100.0,1.9,54.4,83.4,6,7,16.0,1
73.6,81.7,8.0,45.3,51.8,2,3,26.4,1
17.3,11.8,0.5,80.0,42.0,1,4,82.7,0
17.6,29.2,6.7,81.4,23.2,1,7,82.4,0
98.8,56.1,0.4,37.2,74.3,7,7,1.2,0
43.7,60.9,6.2,93.6,51.9,2,5,56.3,0
43.4,17.3,3.4,75.3,53.7,3,8,56.6,0
83.2,77.7,1.4,90.2,63.8,5,6,16.8,0
95.3,78.5,2.4,40.8,68.3,5,5,4.7,1
98.7,79.3,5.4,40.4,73.7,9,9,1.3,1
77.8,95.2,11.5,62.3,65.1,3,4,22.2,0
43.9,36.8,0.7,74.1,50.2,4,8,56.1,0
17.5,22.7,1.5,97.3,25.6,1,7,82.5,0
79.9,79.2,0.9,77.7,69.2,4,5,20.1,0
60.3,67.4,2.9,60.6,67.5,5,8,39.7,0
48.2,49.3,6.3,46.5,47.7,4,9,51.8,0
91.6,72.3,0.8,87.1,73.1,5,6,8.4,0
20.0,35.0,3.3,47.6,11.8,2,9,80.0,0
54.3,46.9,6.2,94.3,21.3,2,4,45.7,0
11.0,0.0,2.4,59.9,25.5,0,3,89.0,0
52.2,45.8,3.9,93.6,45.4,3,5,47.8,0
15.1,37.6,7.7,77.2,18.9,1,4,84.9,0
20.7,33.4,1.3,62.5,29.9,1,3,79.3,0
20.6,15.3,0.5,55.7,26.7,1,5,79.4,0
68.4,63.2,4.2,58.9,67.3,3,4,31.6,0
77.1,72.3,4.3,72.7,62.1,7,9,22.9,0
62.5,93.7,2.2,66.4,45.0,3,4,37.5,0
96.6,100.0,1.9,54.3,82.9,8,8,3.4,1
43.7,50.2,3.4,62.0,39.1,4,9,56.3,0
35.7,51.2,1.2,66.4,41.7,2,5,64.3,0
88.2,91.8,1.2,26.7,63.1,4,4,11.8,0
30.1,26.2,5.4,73.2,26.6,2,7,69.9,0
96.7,93.7,1.2,47.4,73.9,5,5,3.3,1
11.1,10.0,0.6,44.2,21.8,0,4,88.9,0
97.3,96.7,1.9,34.6,78.2,8,8,2.7,0
13.9,24.8,2.3,32.7,20.6,0,3,86.1,0
90.2,91.0,4.7,40.6,50.8,3,3,9.8,1
57.5,68.5,2.0,52.2,45.2,4,7,42.5,0
99.4,98.2,8.5,100.0,82.6,5,5,0.6,1
16.6,17.8,3.6,55.5,22.0,1,8,83.4,0
59.8,29.9,1.7,68.2,48.4,2,4,40.2,0
97.2,100.0,4.5,72.2,83.2,4,4,2.8,1
57.1,62.3,8.4,67.4,42.1,2,3,42.9,0
66.6,81.6,5.3,63.6,39.6,5,8,33.4,0
72.6,29.2,0.8,43.5,57.0,7,9,27.4,0
50.9,82.2,2.4,91.1,40.7,4,7,49.1,0
66.5,64.4,4.0,97.5,45.2,2,3,33.5,0
62.6,79.2,5.2,34.7,50.8,2,3,37.4,0
91.1,75.5,2.9,46.6,74.6,6,7,8.9,1
14.1,23.3,2.6,60.0,23.4,1,5,85.9,0
35.3,19.5,10.4,47.6,39.2,1,4,64.7,0
95.5,86.2,5.4,74.1,90.5,5,5,4.5,1
90.1,100.0,4.5,51.9,65.6,7,8,9.9,1
51.0,48.1,2.1,100.0,48.4,5,9,49.0,0
65.8,69.1,1.2,86.4,49.4,4,6,34.2,0
35.0,48.0,4.6,68.8,27.5,2,6,65.0,0
26.9,34.4,5.8,83.5,25.3,2,6,73.1,0
51.7,54.0,3.3,84.9,41.3,4,7,48.3,0
41.8,47.3,5.4,54.8,43.7,1,3,58.2,0
62.5,98.6,5.5,50.3,76.0,6,9,37.5,0
17.0,16.1,6.0,66.4,18.0,1,5,83.0,0
97.7,100.0,0.7,80.5,69.5,4,4,2.3,1
98.8,100.0,2.5,67.5,73.6,6,6,1.2,1
72.8,89.4,4.8,36.6,62.7,4,5,27.2,0
58.2,76.1,3.5,50.5,52.6,3,6,41.8,0
37.9,47.4,5.5,63.7,50.6,3,9,62.1,0
83.2,66.1,4.5,63.6,40.7,5,6,16.8,1
71.6,96.1,0.3,100.0,34.1,3,4,28.4,1
24.6,7.4,7.0,40.1,24.8,2,8,75.4,0
92.0,96.5,2.2,74.1,81.2,7,8,8.0,1
84.0,72.7,1.6,91.8,49.8,8,9,16.0,1
95.5,94.5,6.9,100.0,42.2,8,8,4.5,1
75.3,80.2,5.2,57.7,65.9,5,7,24.7,0
65.2,70.0,7.5,73.8,56.6,2,3,34.8,1
47.6,54.0,4.1,75.3,32.7,3,7,52.4,0
93.9,100.0,2.5,68.5,61.5,5,5,6.1,1
87.9,94.7,3.7,63.2,58.1,6,7,12.1,0
14.1,10.4,1.3,72.8,24.5,1,5,85.9,0
12.4,26.8,0.9,19.4,16.2,1,5,87.6,0
43.9,61.7,2.0,77.3,46.3,1,3,56.1,0
82.9,64.5,9.1,67.3,36.2,3,4,17.1,0
98.9,100.0,2.1,61.0,65.7,9,9,1.1,1
23.5,34.1,0.6,100.0,17.9,1,3,76.5,0
63.5,59.0,2.9,52.9,50.5,6,9,36.5,0
44.3,64.9,2.1,57.7,36.2,4,8,55.7,0
97.3,95.0,7.1,100.0,81.4,8,8,2.7,1
85.8,87.7,8.6,50.0,47.9,6,7,14.2,0
85.4,82.9,2.4,55.1,66.7,4,5,14.6,0
52.2,52.4,4.1,62.4,51.9,3,6,47.8,0
47.3,30.9,4.3,80.1,62.0,3,6,52.7,0
34.6,13.0,3.2,68.7,30.9,3,9,65.4,0
15.1,39.0,2.8,41.7,27.3,1,5,84.9,0
87.8,75.1,1.5,55.4,49.7,8,9,12.2,0
83.2,68.3,0.5,54.1,41.0,2,3,16.8,0
100.0,67.7,1.5,63.6,83.4,4,4,0.0,0
99.7,90.1,3.1,72.7,74.8,3,3,0.3,1
60.0,40.1,0.8,72.5,62.8,3,5,40.0,0
79.2,100.0,3.9,33.0,48.8,4,5,20.8,0
95.0,100.0,3.5,84.2,77.2,4,4,5.0,1
86.5,76.1,2.1,69.5,85.6,8,9,13.5,1
32.3,66.0,2.7,89.9,38.6,2,7,67.7,0
50.5,65.3,1.0,73.0,48.1,4,7,49.5,0
21.6,16.8,6.0,84.8,28.1,1,4,78.4,0
95.9,58.4,5.9,73.4,56.8,7,7,4.1,1
64.6,98.9,1.2,89.2,67.3,4,6,35.4,1
30.6,9.7,1.2,74.4,27.2,2,7,69.4,0
70.5,45.8,1.5,63.2,62.3,5,7,29.5,0
65.6,81.0,5.0,100.0,38.7,5,7,34.4,1
42.2,78.8,4.3,81.0,28.5,3,6,57.8,0
20.2,41.0,6.8,75.3,41.5,2,9,79.8,0
70.4,78.9,7.4,42.0,53.8,5,7,29.6,0
56.8,65.7,0.7,41.8,63.6,5,8,43.2,0
79.5,92.3,4.8,70.3,61.9,5,6,20.5,1
56.8,68.2,7.2,67.6,30.7,2,4,43.2,0
86.7,90.9,2.5,53.9,75.9,3,3,13.3,1
59.7,61.2,3.3,67.5,44.9,2,4,40.3,0
60.5,59.5,2.9,93.6,58.3,2,3,39.5,0
88.9,77.6,3.0,77.5,68.6,4,4,11.1,1
46.3,42.1,6.0,44.5,27.4,4,8,53.7,0
22.1,0.0,10.2,63.0,29.9,1,3,77.9,0
12.6,11.1,8.3,50.5,44.5,0,3,87.4,0
78.0,63.1,2.2,58.0,66.7,4,5,22.0,0
65.8,49.3,4.1,57.6,53.9,2,3,34.2,0
73.4,76.1,1.7,56.4,69.8,2,3,26.6,0
29.2,50.0,1.8,42.4,34.6,1,5,70.8,0
22.3,36.0,3.2,62.7,30.5,2,7,77.7,0
11.3,0.0,1.8,54.9,10.9,1,7,88.7,0
41.6,26.7,2.0,12.3,42.3,2,5,58.4,0
63.1,77.2,4.0,100.0,63.2,4,6,36.9,1
45.3,30.6,4.8,84.6,33.8,1,3,54.7,0
49.4,46.0,4.7,58.2,58.9,1,3,50.6,0
91.4,99.6,4.7,65.3,68.9,5,5,8.6,1
41.3,26.8,1.1,43.9,30.9,2,5,58.7,0
56.3,57.8,1.7,95.5,58.7,3,6,43.7,0
80.5,60.5,3.4,99.2,60.4,6,8,19.5,0
45.7,36.7,6.9,67.8,50.0,3,7,54.3,0
66.0,70.8,13.9,83.4,51.7,3,4,34.0,0
87.6,63.7,4.2,68.2,67.0,7,8,12.4,1
95.5,100.0,5.6,40.9,77.2,9,9,4.5,1
23.2,22.9,0.9,57.6,31.9,2,7,76.8,0
93.4,100.0,5.5,67.4,51.1,3,3,6.6,1
54.3,57.6,11.6,56.8,36.4,5,9,45.7,0
33.2,53.7,1.7,61.1,44.2,3,8,66.8,0
51.3,53.2,2.1,63.4,44.5,3,5,48.7,0
98.2,91.8,6.1,63.5,68.7,6,6,1.8,1
54.3,56.2,3.4,65.9,34.0,4,7,45.7,0
39.6,47.7,0.4,45.9,28.0,2,6,60.4,0
67.0,67.7,2.2,52.1,35.0,6,9,33.0,0
31.6,32.2,8.6,41.9,33.0,2,7,68.4,0
16.8,6.3,2.7,82.6,19.1,1,8,83.2,0
21.6,11.7,2.7,27.1,18.3,1,3,78.4,0
21.5,0.5,5.8,85.8,27.2,1,4,78.5,0
23.7,49.9,4.3,90.0,32.8,1,6,76.3,0
22.5,3.8,2.5,59.6,49.4,1,6,77.5,0
67.7,57.3,2.0,18.1,40.5,3,4,32.3,0
26.4,15.6,15.0,58.5,42.4,2,6,73.6,0
41.1,54.5,7.7,63.8,49.4,2,6,58.9,0
90.7,86.3,4.7,46.8,61.6,6,7,9.3,0
52.7,71.4,5.0,55.7,48.6,4,7,47.3,0
70.1,60.0,3.0,92.5,52.5,3,4,29.9,0
25.5,29.7,4.3,77.0,32.2,2,9,74.5,0
27.3,14.8,2.8,48.4,46.5,1,3,72.7,0
13.7,45.9,1.6,36.2,29.3,1,8,86.3,0
25.2,7.4,4.4,59.1,35.2,2,8,74.8,0
35.1,39.7,2.6,61.2,31.7,3,9,64.9,0
25.9,35.4,4.5,73.9,15.7,2,6,74.1,0
18.0,24.2,5.2,55.4,23.7,1,3,82.0,0
20.9,18.1,4.7,74.2,39.6,1,4,79.1,0
51.5,49.5,1.5,99.8,30.6,5,9,48.5,0
28.6,29.2,2.4,79.7,21.6,1,4,71.4,0
42.8,40.6,2.6,64.1,41.9,3,7,57.2,0
55.3,69.8,6.5,61.7,38.3,3,6,44.7,0
72.1,100.0,6.3,58.6,50.4,4,5,27.9,0
13.5,5.2,1.8,86.3,18.9,1,4,86.5,0
81.9,61.4,1.0,53.7,50.5,7,9,18.1,1
66.5,65.2,14.3,65.8,45.2,4,6,33.5,0
17.4,56.1,4.6,65.9,32.4,1,3,82.6,0
88.6,76.6,0.9,56.0,55.1,8,9,11.4,1
92.9,100.0,2.1,40.3,54.7,7,7,7.1,1
15.5,40.7,6.7,70.8,18.0,1,8,84.5,0
34.9,26.6,12.2,63.9,43.3,1,3,65.1,0
82.6,91.1,10.9,74.0,62.6,3,4,17.4,1
77.3,100.0,4.4,55.4,56.8,3,4,22.7,0
26.6,20.9,3.3,87.0,31.4,1,3,73.4,0
28.8,25.8,1.3,49.2,14.8,1,4,71.2,0
43.3,34.6,3.6,95.8,46.0,4,9,56.7,0
53.6,38.4,1.5,33.5,51.0,3,6,46.4,0
65.6,55.9,2.4,72.8,50.3,3,4,34.4,0
43.2,24.8,6.1,73.6,51.0,3,7,56.8,0
51.6,52.1,2.8,50.7,34.7,3,6,48.4,0
77.3,65.7,2.6,72.6,72.6,7,9,22.7,1
13.3,16.8,3.2,88.0,24.5,1,5,86.7,0
32.7,9.4,15.0,25.1,31.3,1,4,67.3,0
74.2,79.2,1.2,74.0,59.3,3,4,25.8,1
90.6,100.0,4.1,20.1,68.3,6,7,9.4,1
56.1,26.1,10.2,47.6,60.8,5,9,43.9,0
57.9,63.5,3.2,94.3,39.0,4,7,42.1,0
19.6,38.1,7.6,54.5,19.2,2,8,80.4,0
50.3,32.1,1.0,43.9,55.5,5,9,49.7,0
57.9,83.0,2.8,61.4,43.8,2,3,42.1,0
31.8,38.1,1.7,100.0,43.1,1,3,68.2,0
34.2,23.7,3.2,32.0,52.5,1,3,65.8,0
44.0,43.1,3.2,46.1,37.4,3,7,56.0,0
11.8,20.2,3.5,92.0,28.9,0,3,88.2,0
39.0,40.1,6.0,98.4,26.9,4,9,61.0,0
29.0,37.1,0.2,63.1,40.0,1,3,71.0,0
39.5,25.7,2.0,42.7,40.7,2,5,60.5,0
20.8,23.3,3.9,100.0,32.2,1,3,79.2,0
90.1,68.9,0.5,93.7,62.6,4,4,9.9,1
63.4,61.8,5.2,77.2,36.4,5,8,36.6,0
71.1,57.6,2.0,50.4,62.7,5,7,28.9,0
81.0,70.0,2.9,64.1,43.0,5,6,19.0,0
54.9,73.4,6.2,62.1,44.7,4,8,45.1,0
17.8,34.2,7.8,71.0,35.1,1,5,82.2,0
58.3,67.5,5.3,91.1,51.9,4,7,41.7,0
62.8,46.4,1.2,80.8,72.2,6,9,37.2,0
77.1,72.3,5.1,45.6,71.5,5,7,22.9,0
48.8,67.0,5.4,89.8,37.8,2,4,51.2,0
21.5,23.6,4.7,70.6,28.2,2,9,78.5,0
35.5,70.3,8.7,77.4,35.9,3,8,64.5,0
42.7,48.6,3.6,91.4,24.8,3,8,57.3,0
68.1,71.0,8.5,45.0,46.5,2,3,31.9,0
61.4,56.7,8.4,64.4,46.2,6,9,38.6,0
42.0,44.1,5.5,55.4,19.9,2,4,58.0,0
98.8,96.5,4.2,36.8,74.7,3,3,1.2,1
64.5,75.1,4.7,71.2,51.2,2,3,35.5,0
31.4,45.7,9.9,100.0,17.1,2,7,68.6,0
19.2,7.4,6.9,31.9,30.5,2,8,80.8,0
23.8,3.8,1.3,64.4,36.4,1,3,76.2,0
32.1,4.6,4.5,76.5,36.6,2,5,67.9,0
24.5,32.1,1.6,67.2,26.4,1,5,75.5,0
26.8,10.2,1.9,63.0,37.0,2,8,73.2,0
35.7,3.4,2.5,41.6,43.2,2,5,64.3,0
25.6,31.4,0.9,69.2,33.4,2,7,74.4,0
90.7,100.0,1.5,51.4,61.2,4,4,9.3,0
17.2,17.1,9.0,25.6,28.1,1,6,82.8,0
57.2,69.8,1.9,86.5,61.3,2,3,42.8,0
46.9,48.2,6.1,82.3,37.2,3,6,53.1,0
98.4,96.9,3.8,65.9,95.0,4,4,1.6,1
20.1,33.9,5.0,69.1,21.8,1,4,79.9,0
45.8,41.5,5.1,84.3,42.8,3,7,54.2,0
97.3,100.0,1.4,69.0,66.6,5,5,2.7,1
87.9,92.7,6.0,81.3,70.0,4,5,12.1,1
83.5,73.5,1.1,59.6,47.7,3,4,16.5,0
33.2,48.1,1.8,88.6,29.5,2,7,66.8,0
25.4,22.8,5.1,70.8,19.3,2,7,74.6,0
70.2,58.8,1.3,68.5,58.5,6,8,29.8,0
93.6,100.0,0.4,42.1,81.1,8,9,6.4,0
60.1,46.6,4.3,70.2,57.5,2,3,39.9,0
61.4,61.9,0.7,50.0,28.2,6,9,38.6,0
35.2,35.1,5.4,53.5,56.5,2,5,64.8,0
79.3,95.5,2.6,50.3,65.5,3,4,20.7,1
26.8,34.0,4.3,45.8,23.3,2,8,73.2,0
39.1,38.8,4.2,100.0,40.0,2,6,60.9,0
48.3,60.6,5.7,89.0,45.7,2,5,51.7,0
55.7,76.5,5.2,99.6,41.7,2,3,44.3,0
31.8,40.2,1.3,43.0,36.1,2,7,68.2,0
20.3,20.5,2.7,66.3,21.1,1,4,79.7,0
65.0,45.3,4.3,41.7,49.9,3,5,35.0,0
36.0,20.0,8.6,52.5,29.7,2,6,64.0,0
62.3,57.7,5.2,48.5,38.1,2,3,37.7,0
23.9,14.7,8.1,87.3,30.8,1,3,76.1,0
53.3,50.5,4.4,57.9,52.8,4,8,46.7,0
57.9,58.8,7.0,84.2,54.9,3,5,42.1,1
14.7,22.6,4.0,75.9,32.0,1,6,85.3,0
40.3,39.2,6.8,100.0,42.4,1,3,59.7,0
22.1,29.4,2.5,38.4,22.9,1,4,77.9,0
15.7,16.7,9.2,87.7,32.8,0,3,84.3,0
99.1,69.5,4.8,85.6,60.9,6,6,0.9,1
39.0,24.9,0.9,47.5,29.4,3,7,61.0,0
82.9,80.7,4.4,83.1,55.1,6,7,17.1,1
32.9,14.8,5.2,71.1,45.6,3,8,67.1,0
71.3,80.3,6.2,60.9,67.2,4,5,28.7,0
78.4,100.0,11.4,50.2,66.9,5,6,21.6,1
63.6,81.9,2.2,52.1,63.9,5,8,36.4,0
52.4,49.2,11.4,100.0,37.7,5,9,47.6,0
47.1,69.4,3.3,65.0,46.7,1,3,52.9,0
41.4,43.6,1.8,79.1,38.6,4,9,58.6,0
93.7,88.6,2.2,50.8,79.7,3,3,6.3,1
84.8,75.6,5.0,51.0,64.7,6,7,15.2,0
96.9,92.3,1.5,84.5,69.3,8,8,3.1,1
21.2,15.4,2.5,40.7,33.1,1,7,78.8,0
75.8,78.3,4.3,57.5,69.2,3,4,24.2,1
94.5,96.9,9.2,65.6,65.0,9,9,5.5,1
26.3,26.4,6.1,67.0,30.2,2,9,73.7,0
16.0,22.5,3.4,61.8,14.0,1,7,84.0,0
76.7,94.6,5.0,72.1,36.0,3,4,23.3,1
61.7,75.9,4.0,77.5,54.0,2,3,38.3,0
85.8,63.5,1.2,78.2,72.5,7,8,14.2,0
22.6,0.0,10.2,47.3,31.2,1,4,77.4,0
81.6,95.6,9.3,59.9,44.4,7,8,18.4,1
28.1,7.6,3.1,86.5,28.4,3,9,71.9,0
24.7,21.4,2.3,81.1,7.7,2,8,75.3,0
24.8,7.2,1.2,40.3,43.6,2,9,75.2,0
83.3,56.3,5.2,71.3,54.1,3,4,16.7,0
69.9,78.0,5.2,29.4,69.5,6,9,30.1,1
57.1,68.5,1.7,65.8,58.7,3,5,42.9,0
42.3,33.6,4.0,99.2,31.4,4,9,57.7,0
88.9,50.1,5.9,47.9,57.0,6,7,11.1,0
45.3,37.1,2.2,50.0,45.7,2,4,54.7,0
83.5,89.4,2.9,78.8,56.7,3,3,16.5,0
49.5,27.3,2.8,37.2,45.7,4,8,50.5,0
43.9,46.7,1.8,53.6,36.5,3,6,56.1,0
51.6,51.4,2.9,75.7,28.2,2,4,48.4,0
37.1,45.8,0.7,53.6,15.0,3,7,62.9,0
77.3,79.1,2.7,60.8,63.6,7,9,22.7,0
55.2,40.6,2.7,78.4,42.5,4,8,44.8,0
30.9,48.8,3.2,72.6,28.0,2,5,69.1,0
91.0,88.6,4.7,69.8,76.5,3,3,9.0,1
44.6,44.1,1.1,58.9,53.5,2,5,55.4,0
58.9,44.9,1.3,71.7,47.6,4,6,41.1,0
91.6,84.9,1.7,62.8,66.5,4,4,8.4,0
66.2,52.9,1.0,73.2,59.7,5,8,33.8,0
20.5,17.9,5.1,56.1,13.7,1,4,79.5,0
94.6,100.0,2.1,61.7,74.0,7,7,5.4,1
66.5,45.9,3.3,47.2,60.4,3,4,33.5,0
40.1,15.9,1.6,64.4,45.9,1,3,59.9,0
22.5,44.6,2.5,50.4,9.2,1,6,77.5,0
81.5,78.3,4.2,44.9,56.3,4,5,18.5,0
65.8,55.8,4.3,69.7,45.7,4,6,34.2,0
58.0,73.6,1.4,68.8,50.8,5,8,42.0,0
90.5,81.4,3.1,79.1,74.1,4,4,9.5,0
81.0,100.0,1.6,57.2,78.6,6,8,19.0,0
23.7,33.8,3.0,72.3,24.2,1,5,76.3,0
38.1,30.7,1.9,74.9,32.9,3,8,61.9,0
32.4,64.7,10.7,73.0,45.9,2,7,67.6,0
77.0,67.9,5.9,50.1,64.1,5,6,23.0,0
13.0,24.1,4.5,67.7,35.5,1,5,87.0,0
61.3,65.8,2.7,71.6,54.7,3,5,38.7,1
78.6,98.1,6.0,65.1,50.6,7,9,21.4,1
88.9,100.0,3.2,27.4,55.0,4,5,11.1,0
40.8,41.3,10.0,67.9,24.0,4,9,59.2,0
83.9,72.6,6.4,100.0,72.0,3,3,16.1,1
20.0,26.9,2.5,58.5,38.9,2,9,80.0,0
86.2,76.0,9.2,51.9,85.2,5,6,13.8,1
21.5,51.7,2.7,71.7,36.3,2,8,78.5,0
45.8,47.8,11.1,70.6,54.1,4,9,54.2,0
81.8,76.3,9.5,86.5,58.3,4,5,18.2,1
23.5,26.3,4.2,42.4,17.5,1,6,76.5,0
30.6,10.4,0.8,78.2,41.9,3,9,69.4,0
75.0,60.4,3.9,75.6,64.2,7,9,25.0,1
74.8,92.8,1.2,62.4,61.0,4,5,25.2,0
67.7,57.8,2.0,71.1,59.5,5,7,32.3,0
72.5,56.8,2.1,83.5,61.7,5,7,27.5,0
58.8,66.9,1.2,80.7,63.1,5,9,41.2,0
32.7,50.4,3.9,44.4,47.5,2,7,67.3,0
41.1,51.9,1.8,79.8,45.1,2,4,58.9,0
26.3,41.3,2.8,63.8,39.3,1,5,73.7,0
91.8,80.4,2.1,66.3,75.2,4,4,8.2,1
62.5,41.2,4.7,66.3,47.9,4,6,37.5,0
46.1,68.6,4.5,62.3,50.2,2,4,53.9,0
51.6,46.7,2.6,86.5,32.0,3,6,48.4,0
95.3,91.5,4.9,63.5,82.7,9,9,4.7,1
23.8,43.7,7.6,44.8,17.3,1,6,76.2,0
62.8,71.1,0.3,57.9,55.5,4,6,37.2,0
55.5,62.4,2.0,68.2,39.9,4,8,44.5,0
65.0,97.5,1.5,87.1,59.6,3,4,35.0,0
11.6,2.0,1.9,75.9,21.6,1,8,88.4,0
88.5,100.0,0.3,49.7,52.1,8,9,11.5,1
93.9,94.7,0.3,100.0,75.5,5,5,6.1,1
60.9,64.9,2.2,69.8,45.7,2,4,39.1,0
72.7,95.6,2.2,88.0,67.4,4,5,27.3,1
93.0,100.0,8.4,62.3,70.8,5,5,7.0,1
